[{"model": "api.department", "pk": 1, "fields": {"name": "Computer science"}}, {"model": "api.department", "pk": 2, "fields": {"name": "Computer Science"}}, {"model": "api.department", "pk": 3, "fields": {"name": "Information Technology"}}, {"model": "api.department", "pk": 4, "fields": {"name": "Information Systems"}}, {"model": "api.department", "pk": 5, "fields": {"name": "Artificial Intelligence"}}, {"model": "api.department", "pk": 6, "fields": {"name": "Software Engineering"}}, {"model": "api.department", "pk": 7, "fields": {"name": "Cyber Security"}}, {"model": "api.department", "pk": 8, "fields": {"name": "Data Science"}}, {"model": "api.department", "pk": 9, "fields": {"name": "Computer Engineering"}}, {"model": "api.department", "pk": 10, "fields": {"name": "Network Engineering"}}, {"model": "api.department", "pk": 11, "fields": {"name": "Bioinformatics"}}, {"model": "api.student", "pk": 1, "fields": {"full_name": "أحمد محمود", "university_id": "20230001", "email": "ahmed@example.com", "password_hash": "pbkdf2_sha256$123", "academic_year": "Year 3", "current_cgpa": "3.50", "total_credits": 85, "cover_image_url": "http://example.com/img1.jpg", "department": 1, "subjects": [1, 2, 8]}}, {"model": "api.student", "pk": 2, "fields": {"full_name": "سارة علي", "university_id": "20230002", "email": "sara@example.com", "password_hash": "pbkdf2_sha256$124", "academic_year": "Year 2", "current_cgpa": "3.80", "total_credits": 60, "cover_image_url": "http://example.com/img2.jpg", "department": 2, "subjects": [3, 9]}}, {"model": "api.student", "pk": 3, "fields": {"full_name": "محمد طارق", "university_id": "20230003", "email": "mohamed@example.com", "password_hash": "pbkdf2_sha256$125", "academic_year": "Year 4", "current_cgpa": "2.90", "total_credits": 110, "cover_image_url": "http://example.com/img3.jpg", "department": 3, "subjects": [2, 7]}}, {"model": "api.student", "pk": 4, "fields": {"full_name": "منى جمال", "university_id": "20230004", "email": "mona@example.com", "password_hash": "pbkdf2_sha256$126", "academic_year": "Year 1", "current_cgpa": "3.10", "total_credits": 30, "cover_image_url": "http://example.com/img4.jpg", "department": 4, "subjects": [4, 10]}}, {"model": "api.student", "pk": 5, "fields": {"full_name": "خالد حسن", "university_id": "20230005", "email": "khaled@example.com", "password_hash": "pbkdf2_sha256$127", "academic_year": "Year 3", "current_cgpa": "3.95", "total_credits": 90, "cover_image_url": "http://example.com/img5.jpg", "department": 5, "subjects": [5]}}, {"model": "api.student", "pk": 6, "fields": {"full_name": "نورهان سعيد", "university_id": "20230006", "email": "nourhan@example.com", "password_hash": "pbkdf2_sha256$128", "academic_year": "Year 2", "current_cgpa": "3.40", "total_credits": 65, "cover_image_url": "http://example.com/img6.jpg", "department": 6, "subjects": []}}, {"model": "api.student", "pk": 7, "fields": {"full_name": "يوسف كمال", "university_id": "20230007", "email": "youssef@example.com", "password_hash": "pbkdf2_sha256$129", "academic_year": "Year 4", "current_cgpa": "2.75", "total_credits": 115, "cover_image_url": "http://example.com/img7.jpg", "department": 7, "subjects": []}}, {"model": "api.student", "pk": 8, "fields": {"full_name": "دينا مجدي", "university_id": "20230008", "email": "dina@example.com", "password_hash": "pbkdf2_sha256$130", "academic_year": "Year 3", "current_cgpa": "3.60", "total_credits": 88, "cover_image_url": "http://example.com/img8.jpg", "department": 1, "subjects": []}}, {"model": "api.student", "pk": 9, "fields": {"full_name": "كريم عادل", "university_id": "20230009", "email": "karim@example.com", "password_hash": "pbkdf2_sha256$131", "academic_year": "Year 1", "current_cgpa": "3.20", "total_credits": 32, "cover_image_url": "http://example.com/img9.jpg", "department": 2, "subjects": []}}, {"model": "api.student", "pk": 10, "fields": {"full_name": "رانيا عمر", "university_id": "20230010", "email": "rania@example.com", "password_hash": "pbkdf2_sha256$132", "academic_year": "Year 4", "current_cgpa": "3.85", "total_credits": 120, "cover_image_url": "http://example.com/img10.jpg", "department": 4, "subjects": []}}, {"model": "api.subject", "pk": 1, "fields": {"name": "Data Structures", "credits": 3, "department": 1}}, {"model": "api.subject", "pk": 2, "fields": {"name": "Database Systems", "credits": 3, "department": 3}}, {"model": "api.subject", "pk": 3, "fields": {"name": "Web Development", "credits": 3, "department": 2}}, {"model": "api.subject", "pk": 4, "fields": {"name": "Machine Learning", "credits": 4, "department": 4}}, {"model": "api.subject", "pk": 5, "fields": {"name": "Software Testing", "credits": 3, "department": 5}}, {"model": "api.subject", "pk": 6, "fields": {"name": "Network Security", "credits": 3, "department": 6}}, {"model": "api.subject", "pk": 7, "fields": {"name": "Data Mining", "credits": 3, "department": 7}}, {"model": "api.subject", "pk": 8, "fields": {"name": "Operating Systems", "credits": 3, "department": 1}}, {"model": "api.subject", "pk": 9, "fields": {"name": "Cloud Computing", "credits": 3, "department": 2}}, {"model": "api.subject", "pk": 10, "fields": {"name": "Computer Vision", "credits": 4, "department": 4}}, {"model": "api.schedule", "pk": 11, "fields": {"subject": 1, "type": "Lecture", "hall_location": "Hall A", "day_of_week": "Monday", "start_time": "09:00:00", "end_time": "11:00:00"}}, {"model": "api.schedule", "pk": 12, "fields": {"subject": 1, "type": "Section", "hall_location": "Lab 1", "day_of_week": "Wednesday", "start_time": "11:00:00", "end_time": "13:00:00"}}, {"model": "api.schedule", "pk": 13, "fields": {"subject": 2, "type": "Lecture", "hall_location": "Hall B", "day_of_week": "Sunday", "start_time": "10:00:00", "end_time": "12:00:00"}}, {"model": "api.schedule", "pk": 14, "fields": {"subject": 3, "type": "Lecture", "hall_location": "Hall C", "day_of_week": "Tuesday", "start_time": "08:00:00", "end_time": "10:00:00"}}, {"model": "api.schedule", "pk": 15, "fields": {"subject": 4, "type": "Lecture", "hall_location": "Hall A", "day_of_week": "Thursday", "start_time": "12:00:00", "end_time": "14:00:00"}}, {"model": "api.schedule", "pk": 16, "fields": {"subject": 5, "type": "Section", "hall_location": "Lab 2", "day_of_week": "Monday", "start_time": "14:00:00", "end_time": "16:00:00"}}, {"model": "api.schedule", "pk": 17, "fields": {"subject": 6, "type": "Lecture", "hall_location": "Hall D", "day_of_week": "Wednesday", "start_time": "09:00:00", "end_time": "11:00:00"}}, {"model": "api.schedule", "pk": 18, "fields": {"subject": 7, "type": "Lecture", "hall_location": "Hall B", "day_of_week": "Sunday", "start_time": "12:00:00", "end_time": "14:00:00"}}, {"model": "api.schedule", "pk": 19, "fields": {"subject": 8, "type": "Section", "hall_location": "Lab 3", "day_of_week": "Tuesday", "start_time": "14:00:00", "end_time": "16:00:00"}}, {"model": "api.schedule", "pk": 20, "fields": {"subject": 9, "type": "Lecture", "hall_location": "Hall C", "day_of_week": "Thursday", "start_time": "08:00:00", "end_time": "10:00:00"}}, {"model": "api.exam", "pk": 11, "fields": {"subject": 1, "exam_date": "2026-05-15T06:00:00Z"}}, {"model": "api.exam", "pk": 12, "fields": {"subject": 2, "exam_date": "2026-05-17T07:00:00Z"}}, {"model": "api.exam", "pk": 13, "fields": {"subject": 3, "exam_date": "2026-05-19T06:00:00Z"}}, {"model": "api.exam", "pk": 14, "fields": {"subject": 4, "exam_date": "2026-05-21T10:00:00Z"}}, {"model": "api.exam", "pk": 15, "fields": {"subject": 5, "exam_date": "2026-05-24T06:00:00Z"}}, {"model": "api.exam", "pk": 16, "fields": {"subject": 6, "exam_date": "2026-05-26T07:00:00Z"}}, {"model": "api.exam", "pk": 17, "fields": {"subject": 7, "exam_date": "2026-05-28T06:00:00Z"}}, {"model": "api.exam", "pk": 18, "fields": {"subject": 8, "exam_date": "2026-06-02T10:00:00Z"}}, {"model": "api.exam", "pk": 19, "fields": {"subject": 9, "exam_date": "2026-06-04T06:00:00Z"}}, {"model": "api.exam", "pk": 20, "fields": {"subject": 10, "exam_date": "2026-06-07T07:00:00Z"}}, {"model": "api.todo", "pk": 14, "fields": {"student": 1, "task_name": "Finish Data Structures Assignment", "is_completed": false}}, {"model": "api.todo", "pk": 15, "fields": {"student": 1, "task_name": "Pay University Fees", "is_completed": true}}, {"model": "api.todo", "pk": 16, "fields": {"student": 2, "task_name": "Submit Web Project", "is_completed": false}}, {"model": "api.todo", "pk": 17, "fields": {"student": 3, "task_name": "Study for Database Midterm", "is_completed": true}}, {"model": "api.todo", "pk": 18, "fields": {"student": 4, "task_name": "Read ML Paper", "is_completed": false}}, {"model": "api.todo", "pk": 19, "fields": {"student": 5, "task_name": "Prepare Testing Presentation", "is_completed": true}}, {"model": "api.todo", "pk": 20, "fields": {"student": 6, "task_name": "Install Security Tools", "is_completed": false}}, {"model": "api.todo", "pk": 21, "fields": {"student": 7, "task_name": "Download Dataset for Mining", "is_completed": true}}, {"model": "api.todo", "pk": 22, "fields": {"student": 8, "task_name": "Review OS Slides", "is_completed": false}}, {"model": "api.todo", "pk": 23, "fields": {"student": 10, "task_name": "Watch Computer Vision Tutorial", "is_completed": false}}]
